<?xml version="1.0" encoding="UTF-8"?>
<project-private xmlns="http://www.netbeans.org/ns/project-private/1">
    <editor-bookmarks xmlns="http://www.netbeans.org/ns/editor-bookmarks/2" lastBookmarkId="0"/>
    <open-files xmlns="http://www.netbeans.org/ns/projectui-open-files/2">
        <group>
            <file>file:/C:/Users/User/Documents/NetBeansProjects/ReuseProject-1/ReuseProject/src/java/packageController/UpdatePasswordController.java</file>
            <file>file:/C:/Users/User/Documents/NetBeansProjects/ReuseProject-1/ReuseProject/web/WEB-INF/web.xml</file>
            <file>file:/C:/Users/User/Documents/NetBeansProjects/ReuseProject-1/ReuseProject/src/java/packageController/LogoutController.java</file>
            <file>file:/C:/Users/User/Documents/NetBeansProjects/ReuseProject-1/ReuseProject/src/java/packageClasses/Admin.java</file>
            <file>file:/C:/Users/User/Documents/NetBeansProjects/ReuseProject-1/ReuseProject/web/admin/homeAdminPage.jsp</file>
        </group>
    </open-files>
</project-private>
